É_ÉEÉìÉçÅ[ÉhÇµÇΩéûçèÅF2025/05/31 10:23:23,,,,,,,,,,,,,,,,,,,,,,,,,,,,,,,
,,,,,,,,,,,,,,,,,,,,,,,,,,,,,,,
,ãvóØïƒ,ãvóØïƒ,ãvóØïƒ,ãvóØïƒ,ãvóØïƒ,ãvóØïƒ,ãvóØïƒ,ãvóØïƒ,ãvóØïƒ,ãvóØïƒ,ãvóØïƒ,ãvóØïƒ,ãvóØïƒ,ãvóØïƒ,ãvóØïƒ,ãvóØïƒ,ãvóØïƒ,ãvóØïƒ,ãvóØïƒ,ãvóØïƒ,ãvóØïƒ,ãvóØïƒ,ãvóØïƒ,ãvóØïƒ,ãvóØïƒ,ãvóØïƒ,ãvóØïƒ,ãvóØïƒ,ãvóØïƒ,ãvóØïƒ,ãvóØïƒ
îNåéì˙,çáåvëSìVì˙éÀó (MJ/áu),çáåvëSìVì˙éÀó (MJ/áu),çáåvëSìVì˙éÀó (MJ/áu),ïΩãœãCâ∑(Åé),ïΩãœãCâ∑(Åé),ïΩãœãCâ∑(Åé),ç~êÖó ÇÃçáåv(mm),ç~êÖó ÇÃçáåv(mm),ç~êÖó ÇÃçáåv(mm),ì˙è∆éûä‘(éûä‘),ì˙è∆éûä‘(éûä‘),ì˙è∆éûä‘(éûä‘),ïΩãœïóë¨(m/s),ïΩãœïóë¨(m/s),ïΩãœïóë¨(m/s),ç≈çÇãCâ∑(Åé),ç≈çÇãCâ∑(Åé),ç≈çÇãCâ∑(Åé),ç≈çÇãCâ∑(Åé),ç≈çÇãCâ∑(Åé),ç≈í·ãCâ∑(Åé),ç≈í·ãCâ∑(Åé),ç≈í·ãCâ∑(Åé),ç≈í·ãCâ∑(Åé),ç≈í·ãCâ∑(Åé),ïΩãœéºìx(Åì),ïΩãœéºìx(Åì),ïΩãœéºìx(Åì),ïΩãœåªínãCà≥(hPa),ïΩãœåªínãCà≥(hPa),ïΩãœåªínãCà≥(hPa)
,,,,,,,,,,,,,,,,,,éûï™,éûï™,,,,éûï™,éûï™,,,,,,,
,,ïiéøèÓïÒ,ãœéøî‘çÜ,,ïiéøèÓïÒ,ãœéøî‘çÜ,,ïiéøèÓïÒ,ãœéøî‘çÜ,,ïiéøèÓïÒ,ãœéøî‘çÜ,,ïiéøèÓïÒ,ãœéøî‘çÜ,,ïiéøèÓïÒ,,ïiéøèÓïÒ,ãœéøî‘çÜ,,ïiéøèÓïÒ,,ïiéøèÓïÒ,ãœéøî‘çÜ,,ïiéøèÓïÒ,ãœéøî‘çÜ,,ïiéøèÓïÒ,ãœéøî‘çÜ
2023/1/1,,0,1,5.3,8,1,0,8,1,8.8,8,2,1,8,1,11.7,8,2023/1/1 15:06,8,1,0.3,8,2023/1/1 4:39,8,1,73,8,1,,0,1
2023/1/2,,0,1,5.2,8,1,0,8,1,9.2,8,2,1.2,8,1,12.2,8,2023/1/2 13:47,8,1,0.8,8,2023/1/2 23:49,8,1,68,8,1,,0,1
2023/1/3,,0,1,3.5,8,1,0,8,1,9.3,8,2,1.1,8,1,10.9,8,2023/1/3 14:23,8,1,-1.5,8,2023/1/3 6:36,8,1,66,8,1,,0,1
2023/1/4,,0,1,3.5,8,1,0,8,1,9.1,8,2,1,8,1,10.9,8,2023/1/4 14:06,8,1,-1.4,8,2023/1/4 7:41,8,1,69,8,1,,0,1
2023/1/5,,0,1,4.4,8,1,0,8,1,8.8,8,2,0.9,8,1,10.9,8,2023/1/5 15:19,8,1,-1.1,8,2023/1/5 5:34,8,1,73,8,1,,0,1
2023/1/6,,0,1,5.2,8,1,0,8,1,4.6,8,2,1,8,1,10.2,8,2023/1/6 13:15,8,1,0,8,2023/1/6 7:53,8,1,79,8,1,,0,1
2023/1/7,,0,1,7,8,1,3.5,8,1,3.5,8,2,2,8,1,11,8,2023/1/7 15:08,8,1,4.2,8,2023/1/7 23:56,8,1,71,8,1,,0,1
2023/1/8,,0,1,5.4,8,1,0,8,1,9.2,8,2,0.9,8,1,12.6,8,2023/1/8 16:07,8,1,0.2,8,2023/1/8 6:32,8,1,78,8,1,,0,1
2023/1/9,,0,1,6.9,8,1,0,8,1,9,8,2,1,8,1,14.9,8,2023/1/9 15:41,8,1,0,8,2023/1/9 7:16,8,1,77,8,1,,0,1
2023/1/10,,0,1,9.5,8,1,0,8,1,9.4,8,2,2.8,8,1,13.6,8,2023/1/10 15:39,8,1,4.8,8,2023/1/10 23:49,8,1,58,8,1,,0,1
2023/1/11,,0,1,8,8,1,0,8,1,7.8,8,2,1.1,8,1,16.6,8,2023/1/11 14:39,8,1,1.7,8,2023/1/11 6:29,8,1,68,8,1,,0,1
2023/1/12,,0,1,10.4,8,1,0.5,8,1,0.8,8,2,1,8,1,16.4,8,2023/1/12 14:50,8,1,5,8,2023/1/12 4:49,8,1,83,8,1,,0,1
2023/1/13,,0,1,13.6,8,1,29.5,8,1,0,8,2,2,8,1,16.6,8,2023/1/13 23:52,8,1,9.2,8,2023/1/13 2:49,8,1,92,8,1,,0,1
2023/1/14,,0,1,15.7,8,1,22.5,8,1,0,8,2,2.2,8,1,19.1,8,2023/1/14 13:06,8,1,13.1,8,2023/1/15 0:00,8,1,94,8,1,,0,1
2023/1/15,,0,1,12.7,8,1,0.5,8,1,0.1,8,2,1.6,8,1,15,8,2023/1/15 13:59,8,1,10,8,2023/1/16 0:00,8,1,86,8,1,,0,1
2023/1/16,,0,1,8.7,8,1,1,8,1,1.3,8,2,2.2,8,1,12,8,2023/1/16 13:47,8,1,6.3,8,2023/1/17 0:00,8,1,76,8,1,,0,1
2023/1/17,,0,1,6.8,8,1,0,8,1,2.4,8,2,1.3,8,1,10.6,8,2023/1/17 14:35,8,1,3.3,8,2023/1/17 7:34,8,1,85,8,1,,0,1
2023/1/18,,0,1,5.4,8,1,0.5,8,1,0.2,8,2,1.2,8,1,7.5,8,2023/1/18 16:00,8,1,3.6,8,2023/1/18 6:41,8,1,81,8,1,,0,1
2023/1/19,,0,1,5.7,8,1,0,8,1,0,8,2,1,8,1,8.3,8,2023/1/19 14:09,8,1,3.2,8,2023/1/19 3:55,8,1,76,8,1,,0,1
2023/1/20,,0,1,6.4,8,1,0,8,1,1.7,8,2,1.5,8,1,10.2,8,2023/1/20 11:53,8,1,2.3,8,2023/1/20 23:39,8,1,71,8,1,,0,1
2023/1/21,,0,1,4.5,8,1,0,8,1,9.2,8,2,1.4,8,1,9.9,8,2023/1/21 14:24,8,1,-0.1,8,2023/1/21 7:32,8,1,65,8,1,,0,1
2023/1/22,,0,1,4.2,8,1,10.5,8,1,1.3,8,2,3.4,8,1,8,8,2023/1/22 13:33,8,1,1,8,2023/1/22 6:37,8,1,81,8,1,,0,1
2023/1/23,,0,1,7.5,8,1,3.5,8,1,7.7,8,2,3.8,8,1,11.3,8,2023/1/23 15:43,8,1,4,8,2023/1/23 1:13,8,1,80,8,1,,0,1
2023/1/24,,0,1,1.1,8,1,2,8,1,2.2,8,2,3.9,8,1,7,8,2023/1/24 0:01,8,1,-4,8,2023/1/24 23:56,8,1,76,8,1,,0,1
2023/1/25,,0,1,-1.1,8,1,0,8,1,6.2,8,2,1.7,8,1,3,8,2023/1/25 15:55,8,1,-4.2,8,2023/1/25 3:07,8,1,61,8,1,,0,1
2023/1/26,,0,1,1.6,8,1,0,8,1,0.3,8,2,1.1,8,1,5.3,8,2023/1/26 15:53,8,1,-3,8,2023/1/26 0:45,8,1,73,8,1,,0,1
2023/1/27,,0,1,3.2,8,1,0,8,1,0.9,8,2,2,8,1,5.5,8,2023/1/27 14:22,8,1,0.9,8,2023/1/27 18:18,8,1,72,8,1,,0,1
2023/1/28,,0,1,1.2,8,1,0,8,1,3.1,8,2,2.1,8,1,4.5,8,2023/1/28 15:25,8,1,-0.5,8,2023/1/28 21:01,8,1,54,8,1,,0,1
2023/1/29,,0,1,2.9,8,1,0,8,1,0.6,8,2,1.4,8,1,7.2,8,2023/1/29 15:24,8,1,-0.1,8,2023/1/29 3:26,8,1,68,8,1,,0,1
2023/1/30,,0,1,4.6,8,1,1,8,1,9.4,8,2,1.8,8,1,10.1,8,2023/1/30 14:12,8,1,0.2,8,2023/1/30 23:03,8,1,66,8,1,,0,1
2023/1/31,,0,1,3.8,8,1,0,8,1,9.7,8,2,1.1,8,1,11,8,2023/1/31 16:04,8,1,-2,8,2023/1/31 4:45,8,1,70,8,1,,0,1
2023/2/1,,0,1,8.5,8,1,0,8,1,4.5,8,2,1.5,8,1,17.1,8,2023/2/1 14:48,8,1,2.1,8,2023/2/1 2:05,8,1,70,8,1,,0,1
2023/2/2,,0,1,8.5,8,1,0,8,1,5.4,8,2,3,8,1,12.4,8,2023/2/2 14:36,8,1,5.3,8,2023/2/2 23:40,8,1,57,8,1,,0,1
2023/2/3,,0,1,6.7,8,1,0,8,1,2.6,8,2,2.1,8,1,11.4,8,2023/2/3 15:33,8,1,3.5,8,2023/2/4 0:00,8,1,60,8,1,,0,1
2023/2/4,,0,1,5.7,8,1,0,8,1,8.5,8,2,1.5,8,1,13,8,2023/2/4 14:41,8,1,1.1,8,2023/2/4 7:19,8,1,67,8,1,,0,1
2023/2/5,,0,1,5.8,8,1,0,8,1,10,8,2,2,8,1,12.9,8,2023/2/5 15:00,8,1,0.3,8,2023/2/5 6:47,8,1,61,8,1,,0,1
2023/2/6,,0,1,6.2,8,1,4,8,1,0,8,2,2.6,8,1,10.3,8,2023/2/6 16:05,8,1,1.8,8,2023/2/6 5:56,8,1,67,8,1,,0,1
2023/2/7,,0,1,8.9,8,1,7,8,1,0,8,2,3.8,8,1,11.2,8,2023/2/7 16:16,8,1,6.8,8,2023/2/7 3:19,8,1,88,8,1,,0,1
2023/2/8,,0,1,8.9,8,1,0,8,1,10,8,2,2.1,8,1,14.9,8,2023/2/8 14:27,8,1,4.1,8,2023/2/8 6:59,8,1,71,8,1,,0,1
2023/2/9,,0,1,8.4,8,1,0,8,1,3.8,8,2,3.3,8,1,13.7,8,2023/2/9 13:33,8,1,3.9,8,2023/2/9 7:01,8,1,65,8,1,,0,1
2023/2/10,,0,1,9.1,8,1,8.5,8,1,0,8,2,3,8,1,11.9,8,2023/2/10 14:31,8,1,7.4,8,2023/2/10 3:41,8,1,90,8,1,,0,1
2023/2/11,,0,1,9.3,8,1,0,8,1,2.2,8,2,2.1,8,1,13.3,8,2023/2/11 14:39,8,1,4.7,8,2023/2/11 7:08,8,1,73,8,1,,0,1
2023/2/12,,0,1,10.9,8,1,12,8,1,6.3,8,2,1.7,8,1,18.5,8,2023/2/12 14:27,8,1,4.5,8,2023/2/12 7:03,8,1,82,8,1,,0,1
2023/2/13,,0,1,10.6,8,1,3,8,1,0,8,2,4.3,8,1,12.2,8,2023/2/13 9:58,8,1,7.5,8,2023/2/13 23:54,8,1,88,8,1,,0,1
2023/2/14,,0,1,8.1,8,1,0,8,1,5.8,8,2,2.7,8,1,12,8,2023/2/14 14:22,8,1,5.4,8,2023/2/14 7:12,8,1,66,8,1,,0,1
2023/2/15,,0,1,5.7,8,1,0,8,1,6.2,8,2,3.7,8,1,9,8,2023/2/15 14:32,8,1,3.3,8,2023/2/15 23:59,8,1,58,8,1,,0,1
2023/2/16,,0,1,6.1,8,1,0,8,1,10.4,8,2,1.9,8,1,12.6,8,2023/2/16 15:56,8,1,0.5,8,2023/2/16 4:34,8,1,56,8,1,,0,1
2023/2/17,,0,1,7.6,8,1,0,8,1,0.6,8,2,1,8,1,13,8,2023/2/17 16:02,8,1,1.4,8,2023/2/17 6:00,8,1,70,8,1,,0,1
2023/2/18,,0,1,12.3,8,1,6,8,1,0,8,2,2,8,1,15.7,8,2023/2/19 0:00,8,1,9.4,8,2023/2/18 2:30,8,1,92,8,1,,0,1
2023/2/19,,0,1,12.4,8,1,19.5,8,1,0,8,2,2.7,8,1,16.3,8,2023/2/19 4:40,8,1,6.4,8,2023/2/20 0:00,8,1,84,8,1,,0,1
2023/2/20,,0,1,7.9,8,1,0,8,1,10.5,8,2,2.4,8,1,12.2,8,2023/2/20 14:27,8,1,4.9,8,2023/2/20 4:30,8,1,55,8,1,,0,1
2023/2/21,,0,1,5.9,8,1,0,8,1,3.3,8,2,3.2,8,1,9.3,8,2023/2/21 13:59,8,1,3.4,8,2023/2/21 7:37,8,1,60,8,1,,0,1
2023/2/22,,0,1,6.9,8,1,0,8,1,3.5,8,2,2.5,8,1,11.4,8,2023/2/22 14:06,8,1,2.1,8,2023/2/22 5:14,8,1,57,8,1,,0,1
2023/2/23,,0,1,10,8,1,0,8,1,1.1,8,2,1.3,8,1,15,8,2023/2/23 15:07,8,1,7.1,8,2023/2/23 8:01,8,1,62,8,1,,0,1
2023/2/24,,0,1,9.1,8,1,4.5,8,1,1.8,8,2,1.4,8,1,13,8,2023/2/24 16:06,8,1,5,8,2023/2/24 23:54,8,1,82,8,1,,0,1
2023/2/25,,0,1,6.8,8,1,0.5,8,1,4.4,8,2,2,8,1,12.9,8,2023/2/25 13:25,8,1,3,8,2023/2/25 6:42,8,1,80,8,1,,0,1
2023/2/26,,0,1,7.1,8,1,0,8,1,8.8,8,2,2.6,8,1,12,8,2023/2/26 13:42,8,1,4.1,8,2023/2/27 0:00,8,1,61,8,1,,0,1
2023/2/27,,0,1,7.3,8,1,0,8,1,10.8,8,2,1.9,8,1,16.2,8,2023/2/27 16:00,8,1,0.6,8,2023/2/27 7:12,8,1,56,8,1,,0,1
2023/2/28,,0,1,9.7,8,1,0,8,1,10.6,8,2,1.4,8,1,18.4,8,2023/2/28 15:20,8,1,1.6,8,2023/2/28 3:38,8,1,64,8,1,,0,1
2023/3/1,,0,1,12.2,8,1,15,8,1,1.8,8,2,1.6,8,1,17.8,8,2023/3/1 12:37,8,1,9.1,8,2023/3/1 7:06,8,1,82,8,1,,0,1
2023/3/2,,0,1,7.6,8,1,0,8,1,10.7,8,2,2.8,8,1,11,8,2023/3/2 13:50,8,1,2.5,8,2023/3/2 23:35,8,1,53,8,1,,0,1
2023/3/3,,0,1,7.1,8,1,0,8,1,10.5,8,2,1.1,8,1,14.3,8,2023/3/3 15:47,8,1,0.3,8,2023/3/3 6:28,8,1,64,8,1,,0,1
2023/3/4,,0,1,10.5,8,1,0,8,1,5,8,2,2.3,8,1,16.5,8,2023/3/4 15:25,8,1,5.6,8,2023/3/4 6:12,8,1,55,8,1,,0,1
2023/3/5,,0,1,10.5,8,1,0,8,1,10.9,8,2,2.8,8,1,17.3,8,2023/3/5 14:24,8,1,5.3,8,2023/3/5 5:08,8,1,54,8,1,,0,1
2023/3/6,,0,1,10.2,8,1,0,8,1,10.8,8,2,1.5,8,1,18.7,8,2023/3/6 15:44,8,1,3.1,8,2023/3/6 6:59,8,1,59,8,1,,0,1
2023/3/7,,0,1,10.9,8,1,0,8,1,10.7,8,2,1.2,8,1,19.3,8,2023/3/7 15:42,8,1,3.7,8,2023/3/7 6:56,8,1,68,8,1,,0,1
2023/3/8,,0,1,12.2,8,1,0,8,1,9.4,8,2,1.5,8,1,19.7,8,2023/3/8 14:24,8,1,5.4,8,2023/3/8 6:47,8,1,73,8,1,,0,1
2023/3/9,,0,1,13.3,8,1,7,8,1,1.1,8,2,1.9,8,1,19.2,8,2023/3/9 13:16,8,1,8.1,8,2023/3/9 5:21,8,1,81,8,1,,0,1
2023/3/10,,0,1,16.3,8,1,0,8,1,10,8,2,1.3,8,1,23,8,2023/3/10 16:00,8,1,11.3,8,2023/3/10 7:08,8,1,77,8,1,,0,1
2023/3/11,,0,1,16.5,8,1,0,8,1,8.9,8,2,1.2,8,1,23.6,8,2023/3/11 14:22,8,1,10.5,8,2023/3/11 7:00,8,1,72,8,1,,0,1
2023/3/12,,0,1,15.3,8,1,8.5,8,1,3.6,8,2,2.2,8,1,22.6,8,2023/3/12 12:54,8,1,10.6,8,2023/3/12 23:53,8,1,78,8,1,,0,1
2023/3/13,,0,1,8,8,1,0,8,1,10.3,8,2,2.9,8,1,11.5,8,2023/3/13 15:59,8,1,4,8,2023/3/14 0:00,8,1,48,8,1,,0,1
2023/3/14,,0,1,9.4,8,1,0,8,1,11.3,8,2,1.8,8,1,18.7,8,2023/3/14 16:07,8,1,1.5,8,2023/3/14 6:39,8,1,52,8,1,,0,1
2023/3/15,,0,1,14,8,1,0,8,1,9.9,8,2,1.8,8,1,22.2,8,2023/3/15 14:43,8,1,5.4,8,2023/3/15 4:48,8,1,61,8,1,,0,1
2023/3/16,,0,1,15.6,8,1,0,8,1,2.2,8,2,1.8,8,1,21.8,8,2023/3/16 14:01,8,1,11.8,8,2023/3/16 1:38,8,1,73,8,1,,0,1
2023/3/17,,0,1,13.8,8,1,10,8,1,0.1,8,2,3.2,8,1,16.8,8,2023/3/17 14:51,8,1,11.4,8,2023/3/17 23:57,8,1,76,8,1,,0,1
2023/3/18,,0,1,12.3,8,1,3.5,8,1,2.4,8,2,3.2,8,1,16.4,8,2023/3/18 14:56,8,1,8.3,8,2023/3/19 0:00,8,1,81,8,1,,0,1
2023/3/19,,0,1,12.2,8,1,0,8,1,11,8,2,1.8,8,1,19.9,8,2023/3/19 14:21,8,1,5.7,8,2023/3/19 6:51,8,1,66,8,1,,0,1
2023/3/20,,0,1,12.8,8,1,0.5,8,1,5.1,8,2,1.5,8,1,20.2,8,2023/3/20 12:32,8,1,6.4,8,2023/3/20 6:34,8,1,72,8,1,,0,1
2023/3/21,,0,1,14.3,8,1,33,8,1,0,8,2,1.9,8,1,16.4,8,2023/3/21 16:48,8,1,12.8,8,2023/3/21 7:09,8,1,96,8,1,,0,1
2023/3/22,,0,1,19,8,1,0.5,8,1,6.7,8,2,1.8,8,1,25.6,8,2023/3/22 14:26,8,1,12.6,8,2023/3/22 6:42,8,1,77,8,1,,0,1
2023/3/23,,0,1,17.7,8,1,22.5,8,1,0,8,2,2.6,8,1,18.9,8,2023/3/23 14:11,8,1,15.6,8,2023/3/24 0:00,8,1,99,8,1,,0,1
2023/3/24,,0,1,16.1,8,1,2,8,1,1.6,8,2,2.9,8,1,19.8,8,2023/3/24 14:43,8,1,13.6,8,2023/3/25 0:00,8,1,89,8,1,,0,1
2023/3/25,,0,1,15.3,8,1,1.5,8,1,3.2,8,2,3.9,8,1,20.2,8,2023/3/25 15:25,8,1,12.9,8,2023/3/25 6:37,8,1,76,8,1,,0,1
2023/3/26,,0,1,12.8,8,1,12,8,1,0.4,8,2,2.7,8,1,16.3,8,2023/3/26 14:30,8,1,9.5,8,2023/3/27 0:00,8,1,85,8,1,,0,1
2023/3/27,,0,1,12.7,8,1,0,8,1,6.6,8,2,1.9,8,1,18.8,8,2023/3/27 14:16,8,1,8.4,8,2023/3/27 5:58,8,1,74,8,1,,0,1
2023/3/28,,0,1,13.4,8,1,0,8,1,11.5,8,2,2.6,8,1,20.5,8,2023/3/28 14:19,8,1,7.8,8,2023/3/28 6:44,8,1,56,8,1,,0,1
2023/3/29,,0,1,13.2,8,1,0,8,1,10.8,8,2,2.3,8,1,21.2,8,2023/3/29 14:52,8,1,5.9,8,2023/3/29 6:58,8,1,48,8,1,,0,1
2023/3/30,,0,1,14.2,8,1,0,8,1,2.2,8,2,1.5,8,1,20,8,2023/3/30 15:18,8,1,7.8,8,2023/3/30 6:42,8,1,53,8,1,,0,1
2023/3/31,,0,1,17.6,8,1,0,8,1,6.7,8,2,2.6,8,1,25.4,8,2023/3/31 15:50,8,1,12.1,8,2023/3/31 5:13,8,1,47,8,1,,0,1
2023/4/1,,0,1,18.1,8,1,0,8,1,9.1,8,2,3.3,8,1,25,8,2023/4/1 13:16,8,1,10.8,8,2023/4/1 6:27,8,1,48,8,1,,0,1
2023/4/2,,0,1,17.2,8,1,0,8,1,10.8,8,2,3.6,8,1,23.7,8,2023/4/2 13:41,8,1,12.4,8,2023/4/2 7:30,8,1,52,8,1,,0,1
2023/4/3,,0,1,16.8,8,1,0,8,1,11.8,8,2,3.7,8,1,23.7,8,2023/4/3 14:04,8,1,9.9,8,2023/4/3 6:17,8,1,52,8,1,,0,1
2023/4/4,,0,1,17.7,8,1,0,8,1,6,8,2,1.6,8,1,24.4,8,2023/4/4 14:59,8,1,11.6,8,2023/4/4 6:18,8,1,53,8,1,,0,1
2023/4/5,,0,1,16.5,8,1,11.5,8,1,0,8,2,1.7,8,1,18,8,2023/4/5 0:41,8,1,15.3,8,2023/4/5 21:24,8,1,85,8,1,,0,1
2023/4/6,,0,1,16.5,8,1,8,8,1,0,8,2,1.8,8,1,17.9,8,2023/4/6 12:16,8,1,15.6,8,2023/4/7 0:00,8,1,98,8,1,,0,1
2023/4/7,,0,1,14.2,8,1,23,8,1,4.7,8,2,1.6,8,1,19.1,8,2023/4/7 16:13,8,1,10.7,8,2023/4/7 23:57,8,1,80,8,1,,0,1
2023/4/8,,0,1,12.2,8,1,0,8,1,11.6,8,2,2.4,8,1,17.5,8,2023/4/8 13:03,8,1,7.3,8,2023/4/8 22:50,8,1,49,8,1,,0,1
2023/4/9,,0,1,12.4,8,1,0,8,1,12,8,2,1.6,8,1,20,8,2023/4/9 15:30,8,1,5.3,8,2023/4/9 4:50,8,1,62,8,1,,0,1
2023/4/10,,0,1,14,8,1,0,8,1,9.2,8,2,1.8,8,1,21.3,8,2023/4/10 14:42,8,1,7.5,8,2023/4/10 5:26,8,1,68,8,1,,0,1
2023/4/11,,0,1,17.7,8,1,0,8,1,6.4,8,2,2.7,8,1,24.4,8,2023/4/11 14:32,8,1,10.9,8,2023/4/11 0:09,8,1,67,8,1,,0,1
2023/4/12,,0,1,16.7,8,1,20,8,1,8.5,8,2,2.3,8,1,21.3,8,2023/4/12 14:01,8,1,9.8,8,2023/4/12 23:41,8,1,65,8,1,,0,1
2023/4/13,,0,1,15.9,8,1,0,8,1,11.8,8,2,1.5,8,1,25.6,5,2023/4/13 16:14,5,1,7.4,5,2023/4/13 6:00,5,1,50,8,1,,0,1
2023/4/14,,0,1,13.8,8,1,20.5,8,1,0,8,2,1.8,8,1,16.3,8,2023/4/14 10:34,8,1,12,8,2023/4/14 5:12,8,1,82,8,1,,0,1
2023/4/15,,0,1,15.6,8,1,19.5,8,1,0,8,2,1.5,8,1,18.4,8,2023/4/15 15:23,8,1,13.6,8,2023/4/15 23:13,8,1,96,8,1,,0,1
2023/4/16,,0,1,15.5,8,1,0.5,8,1,6.2,8,2,2.3,8,1,21.1,8,2023/4/16 13:28,8,1,11.3,8,2023/4/16 5:34,8,1,74,8,1,,0,1
2023/4/17,,0,1,15,8,1,0,8,1,11.8,8,2,1.1,8,1,22,8,2023/4/17 15:31,8,1,8.5,8,2023/4/17 6:30,8,1,66,8,1,,0,1
2023/4/18,,0,1,18.5,8,1,0,8,1,7.7,8,2,2.8,8,1,26,8,2023/4/18 14:30,8,1,9.8,8,2023/4/18 5:28,8,1,73,8,1,,0,1
2023/4/19,,0,1,21.7,8,1,0,8,1,0,8,2,2,8,1,25.5,8,2023/4/19 14:20,8,1,18.7,8,2023/4/19 6:11,8,1,81,8,1,,0,1
2023/4/20,,0,1,22.7,8,1,1.5,8,1,10.4,8,2,2.3,8,1,29.6,8,2023/4/20 13:56,8,1,18.1,8,2023/4/20 6:04,8,1,68,8,1,,0,1
2023/4/21,,0,1,19.9,8,1,0,8,1,4.1,8,2,3.3,8,1,26.5,8,2023/4/21 13:32,8,1,16.1,8,2023/4/22 0:00,8,1,68,8,1,,0,1
2023/4/22,,0,1,17,8,1,0,8,1,12.1,8,2,4.9,8,1,22.8,8,2023/4/22 14:35,8,1,13.5,8,2023/4/22 6:18,8,1,43,8,1,,0,1
2023/4/23,,0,1,16.8,8,1,0,8,1,8.9,8,2,4.4,8,1,23.6,8,2023/4/23 14:22,8,1,11.1,8,2023/4/23 5:46,8,1,34,8,1,,0,1
2023/4/24,,0,1,14.5,8,1,0,8,1,0,8,2,3.7,8,1,17,8,2023/4/24 15:17,8,1,11.7,8,2023/4/24 23:47,8,1,53,8,1,,0,1
2023/4/25,,0,1,12.7,8,1,33,8,1,0,8,2,2.1,8,1,14.4,8,2023/4/25 22:18,8,1,10.5,8,2023/4/25 7:11,8,1,95,8,1,,0,1
2023/4/26,,0,1,15.6,8,1,4.5,8,1,8.8,8,2,1.9,8,1,21.6,8,2023/4/26 14:27,8,1,10.9,8,2023/4/26 23:56,8,1,68,8,1,,0,1
2023/4/27,,0,1,15.8,8,1,0,8,1,11.3,8,2,1.6,8,1,24.4,8,2023/4/27 15:31,8,1,8.5,8,2023/4/27 5:43,8,1,63,8,1,,0,1
2023/4/28,,0,1,18.9,8,1,0,8,1,9.2,8,2,1.6,8,1,26.9,8,2023/4/28 14:09,8,1,11.1,8,2023/4/28 5:47,8,1,65,8,1,,0,1
2023/4/29,,0,1,17.8,8,1,66,8,1,0,8,2,2,8,1,20,8,2023/4/29 18:46,8,1,15.5,8,2023/4/29 7:24,8,1,97,8,1,,0,1
2023/4/30,,0,1,16.7,8,1,0.5,8,1,6.6,8,2,1.4,8,1,23,8,2023/4/30 15:47,8,1,12.9,8,2023/4/30 23:33,8,1,70,8,1,,0,1
2023/5/1,,0,1,16.8,8,1,0,8,1,12.5,8,2,1.9,8,1,24.7,8,2023/5/1 15:09,8,1,9.6,8,2023/5/1 5:37,8,1,61,8,1,,0,1
2023/5/2,,0,1,17.9,8,1,0,8,1,12,8,2,1.9,8,1,26.5,8,2023/5/2 14:48,8,1,9.4,8,2023/5/2 5:55,8,1,46,8,1,,0,1
2023/5/3,,0,1,19.3,8,1,0,8,1,7.9,8,2,1.6,8,1,27.5,8,2023/5/3 14:44,8,1,12.2,8,2023/5/3 5:43,8,1,53,8,1,,0,1
2023/5/4,,0,1,18.4,8,1,5.5,8,1,0,8,2,1.1,8,1,21.8,8,2023/5/4 13:11,8,1,16.2,8,2023/5/4 5:39,8,1,82,8,1,,0,1
2023/5/5,,0,1,21.3,8,1,0,8,1,0.9,8,2,2.2,8,1,27.1,8,2023/5/5 12:18,8,1,16.9,8,2023/5/5 3:09,8,1,80,8,1,,0,1
2023/5/6,,0,1,19.8,8,1,69.5,8,1,0,8,2,2.7,8,1,22.4,8,2023/5/6 15:11,8,1,16.5,8,2023/5/6 23:33,8,1,96,8,1,,0,1
2023/5/7,,0,1,15.7,8,1,61,8,1,0,8,2,3.7,8,1,16.6,8,2023/5/7 14:02,8,1,14,8,2023/5/7 23:38,8,1,96,8,1,,0,1
2023/5/8,,0,1,16.3,8,1,0,8,1,6.6,8,2,4.2,8,1,21.8,8,2023/5/8 13:25,8,1,13.8,8,2023/5/9 0:00,8,1,62,8,1,,0,1
2023/5/9,,0,1,18,8,1,0,8,1,12.6,8,2,2.9,8,1,25.4,8,2023/5/9 15:30,8,1,11,8,2023/5/9 5:30,8,1,46,8,1,,0,1
2023/5/10,,0,1,18.6,8,1,0,8,1,10.8,8,2,1.7,8,1,27.8,8,2023/5/10 15:55,8,1,10.3,8,2023/5/10 4:33,8,1,58,8,1,,0,1
2023/5/11,,0,1,20.8,8,1,0,8,1,11.4,8,2,2.2,8,1,28.2,8,2023/5/11 13:32,8,1,14.1,8,2023/5/11 5:06,8,1,55,8,1,,0,1
2023/5/12,,0,1,21,8,1,0,8,1,8.1,8,2,1.6,8,1,28.4,8,2023/5/12 13:50,8,1,14.4,8,2023/5/12 5:42,8,1,56,8,1,,0,1
2023/5/13,,0,1,16.7,8,1,17.5,8,1,0,8,2,1.4,8,1,18.3,8,2023/5/13 0:03,8,1,15.7,8,2023/5/13 14:18,8,1,91,8,1,,0,1
2023/5/14,,0,1,19.8,8,1,0,8,1,8.4,8,2,1.6,8,1,26,8,2023/5/14 14:39,8,1,15.4,8,2023/5/14 4:57,8,1,79,8,1,,0,1
2023/5/15,,0,1,20.7,8,1,0,8,1,12.7,8,2,1.4,8,1,28.7,8,2023/5/15 15:48,8,1,13.3,8,2023/5/15 5:42,8,1,68,8,1,,0,1
2023/5/16,,0,1,22.1,8,1,0,8,1,13.2,8,2,1.9,8,1,29.9,8,2023/5/16 15:24,8,1,14.8,8,2023/5/16 5:44,8,1,71,8,1,,0,1
2023/5/17,,0,1,23.5,8,1,0,8,1,9.9,8,2,1.4,8,1,32.2,8,2023/5/17 14:20,8,1,16.8,8,2023/5/17 5:46,8,1,67,8,1,,0,1
2023/5/18,,0,1,20,8,1,2,8,1,0,8,2,1.3,8,1,22.8,8,2023/5/18 9:33,8,1,17.8,8,2023/5/18 19:29,8,1,80,8,1,,0,1
2023/5/19,,0,1,19,8,1,19.5,8,1,0.2,8,2,3.3,8,1,22.1,8,2023/5/19 16:45,8,1,17.4,8,2023/5/19 6:54,8,1,90,8,1,,0,1
2023/5/20,,0,1,21,8,1,0,8,1,4.8,8,2,2.8,8,1,25.6,8,2023/5/20 16:35,8,1,18.2,8,2023/5/20 23:59,8,1,73,8,1,,0,1
2023/5/21,,0,1,22.1,8,1,0,8,1,12.8,8,2,1.6,8,1,30,8,2023/5/21 14:10,8,1,15.7,8,2023/5/21 5:42,8,1,74,8,1,,0,1
2023/5/22,,0,1,20.3,8,1,0,8,1,2.8,8,2,2.1,8,1,27.2,8,2023/5/22 12:55,8,1,16.9,8,2023/5/22 5:04,8,1,78,8,1,,0,1
2023/5/23,,0,1,20.3,8,1,0,8,1,12,8,2,3.4,8,1,24.7,8,2023/5/23 13:37,8,1,15.1,8,2023/5/24 0:00,8,1,63,8,1,,0,1
2023/5/24,,0,1,19.7,8,1,0,8,1,10.9,8,2,2.2,8,1,26.7,8,2023/5/24 15:38,8,1,12.4,8,2023/5/24 5:24,8,1,55,8,1,,0,1
2023/5/25,,0,1,21.7,8,1,0,8,1,1.9,8,2,1.4,8,1,27.4,8,2023/5/25 15:01,8,1,17.4,8,2023/5/25 5:54,8,1,52,8,1,,0,1
2023/5/26,,0,1,23.2,8,1,0,8,1,3.4,8,2,1.4,8,1,29.7,8,2023/5/26 15:49,8,1,17,8,2023/5/26 5:02,8,1,59,8,1,,0,1
2023/5/27,,0,1,24.9,8,1,0,8,1,7.2,8,2,1.9,8,1,30.8,8,2023/5/27 14:38,8,1,19.7,8,2023/5/27 6:12,8,1,59,8,1,,0,1
2023/5/28,,0,1,25.5,8,1,0,8,1,1.4,8,2,1.6,8,1,30.7,8,2023/5/28 15:45,8,1,20.1,8,2023/5/28 5:28,8,1,63,8,1,,0,1
2023/5/29,,0,1,25.2,8,1,0.5,8,1,0,8,2,2.6,8,1,29.5,8,2023/5/29 12:48,8,1,23.3,8,2023/5/29 5:10,8,1,87,8,1,,0,1
2023/5/30,,0,1,22.5,8,1,42.5,8,1,0,8,2,1.8,8,1,24.3,8,2023/5/30 8:07,8,1,20.2,8,2023/5/30 22:42,8,1,98,8,1,,0,1
2023/5/31,,0,1,21.8,8,1,35.5,8,1,5.8,8,2,3.6,8,1,27.5,8,2023/5/31 15:51,8,1,18,8,2023/5/31 8:27,8,1,81,8,1,,0,1
2023/6/1,,0,1,23.9,8,1,7.5,8,1,2.7,8,2,1.2,8,1,31.6,8,2023/6/1 11:51,8,1,20.9,8,2023/6/1 6:18,8,1,85,8,1,,0,1
2023/6/2,,0,1,24.1,8,1,2.5,8,1,4.4,8,2,3,8,1,29.3,8,2023/6/2 14:40,8,1,21.5,8,2023/6/2 23:59,8,1,87,8,1,,0,1
2023/6/3,,0,1,23.2,8,1,0,8,1,13.4,8,2,2.7,8,1,28.7,8,2023/6/3 13:42,8,1,19.5,8,2023/6/3 5:49,8,1,63,8,1,,0,1
2023/6/4,,0,1,22.7,8,1,0,8,1,8.4,8,2,1.6,8,1,29.4,8,2023/6/4 14:26,8,1,16.4,8,2023/6/4 5:32,8,1,61,8,1,,0,1
2023/6/5,,0,1,22.1,8,1,0,8,1,0,8,2,0.9,8,1,26.6,8,2023/6/5 14:33,8,1,18.5,8,2023/6/5 4:27,8,1,66,8,1,,0,1
2023/6/6,,0,1,18.7,8,1,25,8,1,0,8,2,1.5,8,1,21.2,8,2023/6/6 0:08,8,1,16.8,8,2023/6/6 6:45,8,1,95,8,1,,0,1
2023/6/7,,0,1,23.4,8,1,0,8,1,10.1,8,2,1.3,8,1,30.8,8,2023/6/7 15:39,8,1,18.5,8,2023/6/7 6:06,8,1,73,8,1,,0,1
2023/6/8,,0,1,19.4,8,1,27,8,1,0,8,2,1.6,8,1,21.9,8,2023/6/8 0:48,8,1,18,8,2023/6/8 7:17,8,1,96,8,1,,0,1
2023/6/9,,0,1,22.4,8,1,0,8,1,5.3,8,2,1.2,8,1,29.1,8,2023/6/9 14:40,8,1,18.1,8,2023/6/9 4:22,8,1,81,8,1,,0,1
2023/6/10,,0,1,22.4,8,1,1,8,1,1.4,8,2,1.3,8,1,27.5,8,2023/6/10 11:39,8,1,18.6,8,2023/6/10 5:29,8,1,81,8,1,,0,1
2023/6/11,,0,1,24.4,8,1,0,8,1,4.1,8,2,1.2,8,1,29.4,8,2023/6/11 11:40,8,1,20.4,8,2023/6/11 4:53,8,1,80,8,1,,0,1
2023/6/12,,0,1,26.6,8,1,0,8,1,7,8,2,2.4,8,1,31.7,8,2023/6/12 12:42,8,1,22.7,8,2023/6/12 6:24,8,1,71,8,1,,0,1
2023/6/13,,0,1,25.7,8,1,0,8,1,0.6,8,2,1.5,8,1,29.5,8,2023/6/13 13:25,8,1,22.9,8,2023/6/13 5:25,8,1,76,8,1,,0,1
2023/6/14,,0,1,24.4,8,1,0,8,1,0.1,8,2,1.2,8,1,26.9,8,2023/6/14 13:11,8,1,22.6,8,2023/6/14 5:26,8,1,82,8,1,,0,1
2023/6/15,,0,1,23.8,8,1,3,8,1,6.7,8,2,1.5,8,1,31,8,2023/6/15 13:48,8,1,19.5,8,2023/6/15 15:12,8,1,78,8,1,,0,1
2023/6/16,,0,1,24.7,8,1,0,8,1,9.1,8,2,1.3,8,1,31.6,8,2023/6/16 16:04,8,1,18.7,8,2023/6/16 5:12,8,1,69,8,1,,0,1
2023/6/17,,0,1,25.6,8,1,0,8,1,11.5,8,2,1.3,8,1,33,8,2023/6/17 15:15,8,1,19.7,8,2023/6/17 4:19,8,1,61,8,1,,0,1
2023/6/18,,0,1,24.6,8,1,0,8,1,0.1,8,2,1.8,8,1,28.6,8,2023/6/18 15:43,8,1,21.7,8,2023/6/18 5:13,8,1,66,8,1,,0,1
2023/6/19,,0,1,26.2,8,1,0,8,1,12.6,8,2,3,8,1,32.6,8,2023/6/19 14:56,8,1,20.3,8,2023/6/19 4:52,8,1,67,8,1,,0,1
2023/6/20,,0,1,27.3,8,1,0,8,1,7.6,8,2,2,8,1,34.2,8,2023/6/20 15:25,8,1,22,8,2023/6/20 6:03,8,1,68,8,1,,0,1
2023/6/21,,0,1,22.8,8,1,28,8,1,0,8,2,1.2,8,1,26.1,8,2023/6/21 0:12,8,1,21,8,2023/6/21 4:22,8,1,96,8,1,,0,1
2023/6/22,,0,1,24.7,8,1,0.5,8,1,6.7,8,2,1.8,8,1,30.5,8,2023/6/22 14:00,8,1,21.7,8,2023/6/22 6:29,8,1,79,8,1,,0,1
2023/6/23,,0,1,24.5,8,1,0,8,1,0.7,8,2,1.6,8,1,28.9,8,2023/6/23 13:45,8,1,20.9,8,2023/6/23 5:47,8,1,76,8,1,,0,1
2023/6/24,,0,1,25.6,8,1,0,8,1,4.4,8,2,2.4,8,1,30.5,8,2023/6/24 14:01,8,1,21.9,8,2023/6/24 6:07,8,1,70,8,1,,0,1
2023/6/25,,0,1,23.8,8,1,35.5,8,1,0,8,2,1.1,8,1,26.2,8,2023/6/25 14:01,8,1,22.4,8,2023/6/25 18:26,8,1,91,8,1,,0,1
2023/6/26,,0,1,26.1,8,1,4,8,1,1.5,8,2,2.9,8,1,30.6,8,2023/6/26 15:50,8,1,23.1,8,2023/6/26 1:16,8,1,90,8,1,,0,1
2023/6/27,,0,1,27,8,1,22.5,8,1,2.7,8,2,3.6,8,1,31.4,8,2023/6/27 15:22,8,1,24,8,2023/6/27 6:43,8,1,88,8,1,,0,1
2023/6/28,,0,1,26.6,8,1,7,8,1,1.6,8,2,3.7,8,1,29.5,8,2023/6/28 16:10,8,1,25.3,8,2023/6/28 10:08,8,1,92,8,1,,0,1
2023/6/29,,0,1,26.5,8,1,26,8,1,0,8,2,4.2,8,1,29.5,8,2023/6/29 16:16,8,1,24.9,8,2023/6/29 7:28,8,1,96,8,1,,0,1
2023/6/30,,0,1,25.5,8,1,143,8,1,0,8,2,3.2,8,1,26.6,8,2023/6/30 8:56,8,1,24.4,8,2023/6/30 4:11,8,1,100,8,1,,0,1
2023/7/1,,0,1,25.3,8,1,28,8,1,0,8,2,2.8,8,1,27.1,8,2023/7/1 15:37,8,1,24,8,2023/7/1 22:48,8,1,98,8,1,,0,1
2023/7/2,,0,1,26.6,8,1,27.5,8,1,2.8,8,2,1.8,8,1,32,8,2023/7/2 15:31,8,1,23.1,8,2023/7/2 23:57,8,1,91,8,1,,0,1
2023/7/3,,0,1,24.7,8,1,205.5,8,1,2.4,8,2,1.9,8,1,29.2,8,2023/7/3 16:20,8,1,21,8,2023/7/3 9:59,8,1,93,8,1,,0,1
2023/7/4,,0,1,26.8,8,1,1,8,1,2.7,8,2,1.2,8,1,32.1,8,2023/7/4 13:31,8,1,23.8,8,2023/7/4 3:38,8,1,90,8,1,,0,1
2023/7/5,,0,1,26.6,8,1,13,8,1,0.4,8,2,3.3,8,1,29.5,8,2023/7/5 17:09,8,1,24,8,2023/7/6 0:00,8,1,96,8,1,,0,1
2023/7/6,,0,1,27.7,8,1,0,8,1,10.1,8,2,1.5,8,1,33.5,8,2023/7/6 14:28,8,1,23.3,8,2023/7/6 5:37,8,1,81,8,1,,0,1
2023/7/7,,0,1,27.4,8,1,32.5,8,1,0,8,2,3,8,1,29.8,8,2023/7/7 16:19,8,1,25.3,8,2023/7/7 10:53,8,1,94,8,1,,0,1
2023/7/8,,0,1,27.2,8,1,9.5,8,1,0,8,2,4.8,8,1,27.7,8,2023/7/8 8:14,8,1,26.2,8,2023/7/8 23:35,8,1,97,8,1,,0,1
2023/7/9,,0,1,26.8,8,1,89,8,1,0,8,2,3.7,8,1,28.5,8,2023/7/9 14:00,8,1,24.7,8,2023/7/9 10:03,8,1,99,8,1,,0,1
2023/7/10,,0,1,25,8,1,170,8,1,0.1,8,2,2.4,8,1,27.1,8,2023/7/10 1:35,8,1,23.3,8,2023/7/10 14:46,8,1,99,8,1,,0,1
2023/7/11,,0,1,28.6,8,1,0,8,1,8,8,2,3.5,8,1,33.2,8,2023/7/11 13:37,8,1,25.4,8,2023/7/11 3:50,8,1,85,8,1,,0,1
2023/7/12,,0,1,26.8,8,1,78.5,8,1,1.9,8,2,3.9,8,1,29.8,8,2023/7/12 16:36,8,1,23,8,2023/7/12 9:45,8,1,95,8,1,,0,1
2023/7/13,,0,1,28.1,8,1,8.5,8,1,1.8,8,2,3.3,8,1,30.5,8,2023/7/13 14:35,8,1,25.2,8,2023/7/13 11:30,8,1,90,8,1,,0,1
2023/7/14,,0,1,27.9,8,1,0,8,1,0,8,2,4.2,8,1,30,8,2023/7/14 15:25,8,1,26,8,2023/7/14 5:00,8,1,86,8,1,,0,1
2023/7/15,,0,1,28.9,8,1,4,8,1,5.3,8,2,4.3,8,1,32.8,8,2023/7/15 14:40,8,1,27.3,8,2023/7/15 4:39,8,1,86,8,1,,0,1
2023/7/16,,0,1,29.9,8,1,0,8,1,11.9,8,2,2.8,8,1,34.9,8,2023/7/16 13:52,8,1,26.1,8,2023/7/16 5:53,8,1,76,8,1,,0,1
2023/7/17,,0,1,30.5,8,1,0,8,1,12.2,8,2,1.6,8,1,36.2,8,2023/7/17 16:37,8,1,25.1,8,2023/7/17 5:12,8,1,72,8,1,,0,1
2023/7/18,,0,1,29.9,8,1,2,8,1,6.9,8,2,1.8,8,1,35.7,8,2023/7/18 15:06,8,1,26.2,8,2023/7/18 6:17,8,1,75,8,1,,0,1
2023/7/19,,0,1,28,8,1,19.5,8,1,2.3,8,2,3,8,1,34,8,2023/7/19 14:28,8,1,25,8,2023/7/19 0:18,8,1,90,8,1,,0,1
2023/7/20,,0,1,27.6,8,1,0,8,1,3,8,2,2.4,8,1,32.2,8,2023/7/20 14:12,8,1,25.5,8,2023/7/20 5:30,8,1,77,8,1,,0,1
2023/7/21,,0,1,28.4,8,1,0,8,1,4.2,8,2,1.9,8,1,34.6,8,2023/7/21 14:37,8,1,24.6,8,2023/7/21 5:30,8,1,79,8,1,,0,1
2023/7/22,,0,1,29.6,8,1,0,8,1,6.3,8,2,1.5,8,1,35,8,2023/7/22 14:18,8,1,26.2,8,2023/7/22 5:29,8,1,79,8,1,,0,1
2023/7/23,,0,1,29.4,8,1,0,8,1,3.9,8,2,1.9,8,1,34.3,8,2023/7/23 13:59,8,1,26.4,8,2023/7/23 5:24,8,1,79,8,1,,0,1
2023/7/24,,0,1,29.1,8,1,0.5,8,1,7.9,8,2,2.2,8,1,35.2,8,2023/7/24 14:28,8,1,25.5,8,2023/7/24 23:53,8,1,79,8,1,,0,1
2023/7/25,,0,1,28.5,8,1,0,8,1,8.5,8,2,1.5,8,1,35.5,8,2023/7/25 14:09,8,1,24.8,8,2023/7/25 5:45,8,1,79,8,1,,0,1
2023/7/26,,0,1,30.4,8,1,0.5,8,1,11.7,8,2,1.8,8,1,37.1,8,2023/7/26 15:10,8,1,24.5,8,2023/7/26 5:47,8,1,70,8,1,,0,1
2023/7/27,,0,1,30.3,8,1,0,8,1,10.4,8,2,1.9,8,1,37.7,8,2023/7/27 14:49,8,1,26.3,8,2023/7/27 6:07,8,1,75,8,1,,0,1
2023/7/28,,0,1,30.5,8,1,0,8,1,10.6,8,2,1.6,8,1,36.7,8,2023/7/28 15:04,8,1,25.5,8,2023/7/28 5:42,8,1,72,8,1,,0,1
2023/7/29,,0,1,30.4,8,1,0,8,1,7.9,8,2,1.6,8,1,37,8,2023/7/29 15:57,8,1,26.5,8,2023/7/29 5:24,8,1,70,8,1,,0,1
2023/7/30,,0,1,29.5,8,1,0,8,1,5,8,2,1.8,8,1,36.1,8,2023/7/30 16:56,8,1,25.8,8,2023/7/30 3:58,8,1,71,8,1,,0,1
2023/7/31,,0,1,29.8,8,1,0,8,1,2.4,8,2,2.3,8,1,34.6,8,2023/7/31 12:36,8,1,25.9,8,2023/7/31 5:45,8,1,70,8,1,,0,1
2023/8/1,,0,1,31.4,8,1,0,8,1,8,8,2,2.4,8,1,37.4,8,2023/8/1 16:19,8,1,26.9,8,2023/8/1 5:05,8,1,63,8,1,,0,1
2023/8/2,,0,1,30.6,8,1,0,8,1,6.1,8,2,1.8,8,1,37,8,2023/8/2 12:27,8,1,27.3,8,2023/8/2 4:19,8,1,71,8,1,,0,1
2023/8/3,,0,1,31.5,8,1,1,8,1,6.7,8,2,1.7,8,1,38.2,8,2023/8/3 14:32,8,1,27.3,8,2023/8/3 5:29,8,1,68,8,1,,0,1
2023/8/4,,0,1,31.5,8,1,0,8,1,8.3,8,2,1.7,8,1,37.6,8,2023/8/4 15:44,8,1,26.6,8,2023/8/4 5:46,8,1,67,8,1,,0,1
2023/8/5,,0,1,31.5,8,1,0,8,1,9.9,8,2,2.3,8,1,38.2,8,2023/8/5 12:41,8,1,27.1,8,2023/8/5 5:28,8,1,70,8,1,,0,1
2023/8/6,,0,1,32.1,8,1,0,8,1,12.7,8,2,3.9,8,1,36.9,8,2023/8/6 14:34,8,1,28.1,8,2023/8/6 5:29,8,1,66,8,1,,0,1
2023/8/7,,0,1,30.5,8,1,0,8,1,3.9,8,2,3.7,8,1,33.9,8,2023/8/7 13:06,8,1,28,8,2023/8/7 5:36,8,1,72,8,1,,0,1
2023/8/8,,0,1,29.9,8,1,2.5,8,1,3.6,8,2,4.6,8,1,35.3,8,2023/8/8 13:05,8,1,27.5,8,2023/8/8 9:07,8,1,76,8,1,,0,1
2023/8/9,,0,1,28.1,8,1,41.5,8,1,0,8,2,4.6,8,1,31.2,8,2023/8/9 12:57,8,1,25.5,8,2023/8/9 22:26,8,1,87,8,1,,0,1
2023/8/10,,0,1,27.9,8,1,20,8,1,3.7,8,2,5.3,8,1,31.4,8,2023/8/10 13:23,8,1,26.1,8,2023/8/10 6:19,8,1,91,8,1,,0,1
2023/8/11,,0,1,29.8,8,1,0,8,1,12,8,2,1.9,8,1,35.1,8,2023/8/11 15:43,8,1,25.4,8,2023/8/11 5:55,8,1,78,8,1,,0,1
2023/8/12,,0,1,29.2,8,1,0,8,1,7.3,8,2,1.6,8,1,34.6,8,2023/8/12 15:49,8,1,25.5,8,2023/8/12 5:49,8,1,75,8,1,,0,1
2023/8/13,,0,1,29.5,8,1,0,8,1,12.2,8,2,2.6,8,1,34.4,8,2023/8/13 14:01,8,1,25.6,8,2023/8/13 6:13,8,1,73,8,1,,0,1
2023/8/14,,0,1,29.6,8,1,0,8,1,12.5,8,2,2.9,8,1,34.9,8,2023/8/14 13:40,8,1,26,8,2023/8/14 6:10,8,1,76,8,1,,0,1
2023/8/15,,0,1,27.9,8,1,0,8,1,1.2,8,2,3.4,8,1,30.7,8,2023/8/15 14:37,8,1,26.3,8,2023/8/15 23:11,8,1,82,8,1,,0,1
2023/8/16,,0,1,28.8,8,1,0,8,1,6.3,8,2,3.2,8,1,33.6,8,2023/8/16 13:51,8,1,25.8,8,2023/8/16 6:04,8,1,78,8,1,,0,1
2023/8/17,,0,1,27.7,8,1,18,8,1,1.9,8,2,2.1,8,1,34.3,8,2023/8/17 12:02,8,1,25,8,2023/8/17 21:52,8,1,88,8,1,,0,1
2023/8/18,,0,1,28.1,8,1,0.5,8,1,0.8,8,2,1.3,8,1,31.8,8,2023/8/18 16:28,8,1,25.1,8,2023/8/18 1:58,8,1,89,8,1,,0,1
2023/8/19,,0,1,29.9,8,1,0,8,1,11.4,8,2,1.4,8,1,35.3,8,2023/8/19 14:11,8,1,25.9,8,2023/8/19 6:03,8,1,77,8,1,,0,1
2023/8/20,,0,1,30.9,8,1,0,8,1,7.1,8,2,1.6,8,1,36.9,8,2023/8/20 14:01,8,1,27,8,2023/8/20 4:44,8,1,74,8,1,,0,1
2023/8/21,,0,1,29.9,8,1,1,8,1,7.9,8,2,1.8,8,1,37.6,8,2023/8/21 14:28,8,1,26.7,8,2023/8/21 6:20,8,1,80,8,1,,0,1
2023/8/22,,0,1,30.5,8,1,0,8,1,9.5,8,2,1.6,8,1,36.5,8,2023/8/22 14:38,8,1,25.6,8,2023/8/22 5:51,8,1,75,8,1,,0,1
2023/8/23,,0,1,29.4,8,1,0,8,1,0.7,8,2,1.6,8,1,34,8,2023/8/23 14:27,8,1,26.7,8,2023/8/23 5:30,8,1,83,8,1,,0,1
2023/8/24,,0,1,29.8,8,1,0,8,1,7.1,8,2,2.3,8,1,35.7,8,2023/8/24 13:31,8,1,26.4,8,2023/8/24 4:15,8,1,78,8,1,,0,1
2023/8/25,,0,1,28.2,8,1,0,8,1,3.5,8,2,1.7,8,1,34.5,8,2023/8/25 13:40,8,1,25.3,8,2023/8/25 3:25,8,1,83,8,1,,0,1
2023/8/26,,0,1,28.9,8,1,0,8,1,6.2,8,2,2,8,1,34.9,8,2023/8/26 14:59,8,1,25,8,2023/8/26 6:17,8,1,79,8,1,,0,1
2023/8/27,,0,1,28.6,8,1,7.5,8,1,7.7,8,2,2,8,1,37.1,8,2023/8/27 14:30,8,1,24.8,8,2023/8/27 6:13,8,1,78,8,1,,0,1
2023/8/28,,0,1,29.9,8,1,0,8,1,10.8,8,2,1.5,8,1,35.6,8,2023/8/28 15:03,8,1,25.5,8,2023/8/28 6:18,8,1,73,8,1,,0,1
2023/8/29,,0,1,30.3,8,1,0,8,1,11.8,8,2,1.8,8,1,35.9,8,2023/8/29 14:36,8,1,25.3,8,2023/8/29 6:21,8,1,71,8,1,,0,1
2023/8/30,,0,1,29,8,1,2,8,1,5.7,8,2,1.3,8,1,35.7,8,2023/8/30 15:16,8,1,25.8,8,2023/8/30 4:30,8,1,79,8,1,,0,1
2023/8/31,,0,1,28.1,8,1,0,8,1,1.8,8,2,1.6,8,1,33.1,8,2023/8/31 15:47,8,1,25.8,8,2023/8/31 6:18,8,1,85,8,1,,0,1
2023/9/1,,0,1,25.4,8,1,6.5,8,1,0,8,2,1.2,8,1,27.1,8,2023/9/1 12:16,8,1,24.3,8,2023/9/1 17:39,8,1,96,8,1,,0,1
2023/9/2,,0,1,27.5,8,1,0,8,1,0.3,8,2,1.4,8,1,30.7,8,2023/9/2 12:43,8,1,24.5,8,2023/9/2 6:04,8,1,85,8,1,,0,1
2023/9/3,,0,1,29.6,8,1,0,8,1,9,8,2,2,8,1,36.3,8,2023/9/3 14:03,8,1,24.6,8,2023/9/3 6:04,8,1,73,8,1,,0,1
2023/9/4,,0,1,29.5,8,1,0,8,1,12.2,8,2,2.9,8,1,35.8,8,2023/9/4 12:50,8,1,24.4,8,2023/9/4 6:30,8,1,71,8,1,,0,1
2023/9/5,,0,1,27.1,8,1,9,8,1,2.7,8,2,3.1,8,1,31.1,8,2023/9/5 12:38,8,1,24.6,8,2023/9/6 0:00,8,1,87,8,1,,0,1
2023/9/6,,0,1,27.1,8,1,0.5,8,1,3.7,8,2,3.2,8,1,31,8,2023/9/6 11:27,8,1,24.6,8,2023/9/6 2:24,8,1,82,8,1,,0,1
2023/9/7,,0,1,27.8,8,1,0,8,1,11.9,8,2,3.5,8,1,33.4,8,2023/9/7 14:48,8,1,23.7,8,2023/9/7 6:04,8,1,65,8,1,,0,1
2023/9/8,,0,1,27.3,8,1,0,8,1,12,8,2,3.4,8,1,32.6,8,2023/9/8 13:56,8,1,23.6,8,2023/9/8 6:16,8,1,68,8,1,,0,1
2023/9/9,,0,1,27.4,8,1,0,8,1,11.8,8,2,2.6,8,1,33.5,8,2023/9/9 14:08,8,1,23,8,2023/9/9 4:23,8,1,69,8,1,,0,1
2023/9/10,,0,1,26.3,8,1,5,8,1,8,8,2,1.6,8,1,34,8,2023/9/10 14:28,8,1,22.6,8,2023/9/10 16:56,8,1,80,8,1,,0,1
2023/9/11,,0,1,26.4,8,1,0,8,1,8.5,8,2,1.4,8,1,32.3,8,2023/9/11 15:21,8,1,22.7,8,2023/9/11 5:14,8,1,84,8,1,,0,1
2023/9/12,,0,1,27.9,8,1,0,8,1,7.8,8,2,1.7,8,1,34.1,8,2023/9/12 15:55,8,1,23.1,8,2023/9/12 6:20,8,1,75,8,1,,0,1
2023/9/13,,0,1,27.8,8,1,0.5,8,1,2.5,8,2,1.4,8,1,32.8,8,2023/9/13 14:40,8,1,24.4,8,2023/9/13 6:24,8,1,80,8,1,,0,1
2023/9/14,,0,1,26.2,8,1,17.5,8,1,0,8,2,1,8,1,28.8,8,2023/9/14 16:13,8,1,24.1,8,2023/9/14 7:55,8,1,94,8,1,,0,1
2023/9/15,,0,1,27.9,8,1,1,8,1,5.2,8,2,1.5,8,1,34.2,8,2023/9/15 12:38,8,1,25.3,8,2023/9/15 6:40,8,1,90,8,1,,0,1
2023/9/16,,0,1,28.8,8,1,0,8,1,9,8,2,1.4,8,1,34.4,8,2023/9/16 13:46,8,1,25.6,8,2023/9/16 4:28,8,1,85,8,1,,0,1
2023/9/17,,0,1,25.2,8,1,7,8,1,0,8,2,1.4,8,1,27.9,8,2023/9/17 7:35,8,1,23.8,8,2023/9/17 9:16,8,1,95,8,1,,0,1
2023/9/18,,0,1,26.3,8,1,1.5,8,1,2.4,8,2,1.3,8,1,30.7,8,2023/9/18 13:49,8,1,23.7,8,2023/9/18 6:19,8,1,92,8,1,,0,1
2023/9/19,,0,1,27.7,8,1,1,8,1,5.4,8,2,1.4,8,1,32.6,8,2023/9/19 15:35,8,1,24.6,8,2023/9/19 6:20,8,1,85,8,1,,0,1
2023/9/20,,0,1,27.6,8,1,0,8,1,1,8,2,1.6,8,1,31.9,8,2023/9/20 14:38,8,1,24.7,8,2023/9/20 2:21,8,1,86,8,1,,0,1
2023/9/21,,0,1,27.1,8,1,5,8,1,4.9,8,2,3.1,8,1,31.3,8,2023/9/21 14:01,8,1,24.3,8,2023/9/21 23:58,8,1,83,8,1,,0,1
2023/9/22,,0,1,23.7,8,1,9,8,1,0,8,2,1.5,8,1,27.1,8,2023/9/22 12:04,8,1,22.1,8,2023/9/22 22:57,8,1,92,8,1,,0,1
2023/9/23,,0,1,25,8,1,0,8,1,2.7,8,2,3.1,8,1,29.3,8,2023/9/23 14:01,8,1,22.1,8,2023/9/23 6:46,8,1,75,8,1,,0,1
2023/9/24,,0,1,24.8,8,1,0,8,1,11.4,8,2,3.7,8,1,29.8,8,2023/9/24 13:33,8,1,20.7,8,2023/9/24 6:30,8,1,60,8,1,,0,1
2023/9/25,,0,1,26.5,8,1,0,8,1,6.1,8,2,2.3,8,1,32.5,8,2023/9/25 13:33,8,1,20.9,8,2023/9/25 5:47,8,1,73,8,1,,0,1
2023/9/26,,0,1,28.1,8,1,0,8,1,8.1,8,2,1.4,8,1,33.4,8,2023/9/26 13:41,8,1,24.4,8,2023/9/26 6:12,8,1,76,8,1,,0,1
2023/9/27,,0,1,27.1,8,1,0,8,1,8.2,8,2,1.3,8,1,32.8,8,2023/9/27 14:59,8,1,23.7,8,2023/9/27 23:32,8,1,82,8,1,,0,1
2023/9/28,,0,1,25.6,8,1,0,8,1,4,8,2,1.3,8,1,30.8,8,2023/9/28 14:26,8,1,22.2,8,2023/9/28 6:05,8,1,80,8,1,,0,1
2023/9/29,,0,1,25.9,8,1,0,8,1,11.1,8,2,1.9,8,1,32.5,8,2023/9/29 14:24,8,1,20.8,8,2023/9/29 6:30,8,1,75,8,1,,0,1
2023/9/30,,0,1,25.4,8,1,0,8,1,7.4,8,2,1.6,8,1,31.4,8,2023/9/30 15:14,8,1,21.8,8,2023/9/30 6:26,8,1,82,8,1,,0,1
2023/10/1,,0,1,23.6,8,1,0,8,1,3.5,8,2,2.7,8,1,28.1,8,2023/10/1 12:41,8,1,19.5,8,2023/10/1 23:58,8,1,66,8,1,,0,1
2023/10/2,,0,1,22.1,8,1,0,8,1,7.6,8,2,2.8,8,1,27.9,8,2023/10/2 15:27,8,1,17.5,8,2023/10/2 5:35,8,1,59,8,1,,0,1
2023/10/3,,0,1,22.1,8,1,0,8,1,0,8,2,2.7,8,1,26.8,8,2023/10/3 14:28,8,1,18.8,8,2023/10/3 5:58,8,1,66,8,1,,0,1
2023/10/4,,0,1,23.5,8,1,0,8,1,4.7,8,2,2.4,8,1,29.1,8,2023/10/4 13:20,8,1,20.1,8,2023/10/4 5:15,8,1,69,8,1,,0,1
2023/10/5,,0,1,20.5,8,1,0,8,1,5.7,8,2,2.2,8,1,25.3,8,2023/10/5 12:50,8,1,17.1,8,2023/10/6 0:00,8,1,66,8,1,,0,1
2023/10/6,,0,1,19.3,8,1,0,8,1,4.5,8,2,2,8,1,25.7,8,2023/10/6 14:46,8,1,13,8,2023/10/6 5:53,8,1,62,8,1,,0,1
2023/10/7,,0,1,20.6,8,1,0,8,1,0.4,8,2,2.8,8,1,24.9,8,2023/10/7 12:56,8,1,17.6,8,2023/10/7 6:15,8,1,60,8,1,,0,1
2023/10/8,,0,1,16.7,8,1,22.5,8,1,0,8,2,3.7,8,1,19.9,8,2023/10/8 0:06,8,1,15.5,8,2023/10/8 11:08,8,1,93,8,1,,0,1
2023/10/9,,0,1,20.6,8,1,2.5,8,1,2.8,8,2,3.8,8,1,24.8,8,2023/10/9 15:28,8,1,16.6,8,2023/10/9 3:02,8,1,86,8,1,,0,1
2023/10/10,,0,1,21.1,8,1,0,8,1,5.9,8,2,2.5,8,1,25.8,8,2023/10/10 14:18,8,1,17.3,8,2023/10/10 6:43,8,1,71,8,1,,0,1
2023/10/11,,0,1,20.9,8,1,0,8,1,9.8,8,2,2.7,8,1,25.7,8,2023/10/11 14:45,8,1,17.1,8,2023/10/11 7:04,8,1,58,8,1,,0,1
2023/10/12,,0,1,19.3,8,1,0,8,1,10.4,8,2,2.8,8,1,25.3,8,2023/10/12 15:11,8,1,14.9,8,2023/10/12 4:54,8,1,64,8,1,,0,1
2023/10/13,,0,1,20.4,8,1,0,8,1,7.3,8,2,2.6,8,1,26.4,8,2023/10/13 15:21,8,1,15.2,8,2023/10/13 5:08,8,1,64,8,1,,0,1
2023/10/14,,0,1,20.7,8,1,0,8,1,1.7,8,2,1.1,8,1,25.5,8,2023/10/14 12:39,8,1,16.4,8,2023/10/15 0:00,8,1,70,8,1,,0,1
2023/10/15,,0,1,18.7,8,1,0,8,1,9.3,8,2,1.6,8,1,24.8,8,2023/10/15 13:29,8,1,13.4,8,2023/10/15 6:03,8,1,71,8,1,,0,1
2023/10/16,,0,1,19.5,8,1,0,8,1,10.4,8,2,1.3,8,1,26.6,8,2023/10/16 14:34,8,1,15.6,8,2023/10/16 23:59,8,1,70,8,1,,0,1
2023/10/17,,0,1,19,8,1,0,8,1,10.1,8,2,1.2,8,1,25.4,8,2023/10/17 15:19,8,1,13.7,8,2023/10/17 6:34,8,1,74,8,1,,0,1
2023/10/18,,0,1,19,8,1,0,8,1,10.5,8,2,1.2,8,1,26.1,8,2023/10/18 15:02,8,1,13.9,8,2023/10/18 6:49,8,1,73,8,1,,0,1
2023/10/19,,0,1,19.3,8,1,0,8,1,9.5,8,2,1.2,8,1,26.3,8,2023/10/19 14:00,8,1,13.4,8,2023/10/19 6:32,8,1,73,8,1,,0,1
2023/10/20,,0,1,17,8,1,1,8,1,2.1,8,2,1.8,8,1,19.8,8,2023/10/20 15:43,8,1,11.2,8,2023/10/21 0:00,8,1,80,8,1,,0,1
2023/10/21,,0,1,14.4,8,1,0,8,1,10.1,8,2,2,8,1,19.8,8,2023/10/21 13:28,8,1,9.2,8,2023/10/21 5:19,8,1,61,8,1,,0,1
2023/10/22,,0,1,15.9,8,1,0,8,1,10.4,8,2,1.1,8,1,23,8,2023/10/22 15:19,8,1,9.9,8,2023/10/22 6:42,8,1,67,8,1,,0,1
2023/10/23,,0,1,17.2,8,1,0,8,1,10.2,8,2,1.2,8,1,23.9,8,2023/10/23 15:47,8,1,11.6,8,2023/10/23 6:33,8,1,70,8,1,,0,1
2023/10/24,,0,1,16.7,8,1,0,8,1,7.3,8,2,1.1,8,1,23.5,8,2023/10/24 13:52,8,1,11.4,8,2023/10/24 6:44,8,1,71,8,1,,0,1
2023/10/25,,0,1,17.5,8,1,0,8,1,10.3,8,2,1.4,8,1,25.1,8,2023/10/25 13:59,8,1,11.5,8,2023/10/25 6:42,8,1,69,8,1,,0,1
2023/10/26,,0,1,17.2,8,1,0,8,1,9.5,8,2,1.1,8,1,24.7,8,2023/10/26 15:48,8,1,11.2,8,2023/10/26 6:59,8,1,74,8,1,,0,1
2023/10/27,,0,1,17.1,8,1,2,8,1,7,8,2,1.5,8,1,23.5,8,2023/10/27 12:39,8,1,13.6,8,2023/10/27 5:05,8,1,78,8,1,,0,1
2023/10/28,,0,1,17.4,8,1,0,8,1,8.9,8,2,1.8,8,1,22.8,8,2023/10/28 13:18,8,1,12.8,8,2023/10/28 6:28,8,1,71,8,1,,0,1
2023/10/29,,0,1,15.8,8,1,0,8,1,7.4,8,2,1.9,8,1,22.2,8,2023/10/29 14:42,8,1,11.3,8,2023/10/29 5:22,8,1,66,8,1,,0,1
2023/10/30,,0,1,15.7,8,1,0,8,1,10.3,8,2,2.2,8,1,22.9,8,2023/10/30 14:25,8,1,10,8,2023/10/30 5:27,8,1,63,8,1,,0,1
2023/10/31,,0,1,15.9,8,1,0,8,1,10.1,8,2,1.2,8,1,23.8,8,2023/10/31 15:11,8,1,9.5,8,2023/10/31 6:57,8,1,69,8,1,,0,1
2023/11/1,,0,1,16.8,8,1,0,8,1,10.1,8,2,1.1,8,1,24.7,8,2023/11/1 15:26,8,1,10.8,8,2023/11/1 5:42,8,1,75,8,1,,0,1
2023/11/2,,0,1,18.1,8,1,0,8,1,10.1,8,2,0.8,8,1,26.2,8,2023/11/2 15:08,8,1,11.6,8,2023/11/2 6:40,8,1,79,8,1,,0,1
2023/11/3,,0,1,18.8,8,1,0,8,1,10,8,2,1,8,1,26.9,8,2023/11/3 13:53,8,1,12.3,8,2023/11/3 6:49,8,1,71,8,1,,0,1
2023/11/4,,0,1,20.2,8,1,0,8,1,4,8,2,1.1,8,1,26.2,8,2023/11/4 13:30,8,1,14.3,8,2023/11/4 6:31,8,1,70,8,1,,0,1
2023/11/5,,0,1,21.7,8,1,0,8,1,7.4,8,2,1.2,8,1,29.6,8,2023/11/5 15:00,8,1,15.1,8,2023/11/5 5:49,8,1,69,8,1,,0,1
2023/11/6,,0,1,20.3,8,1,17.5,8,1,0,8,2,2.6,8,1,25.1,8,2023/11/6 11:16,8,1,17.1,8,2023/11/6 2:57,8,1,88,8,1,,0,1
2023/11/7,,0,1,16,8,1,0,8,1,9.3,8,2,1.8,8,1,20.4,8,2023/11/7 15:26,8,1,11.5,8,2023/11/8 0:00,8,1,64,8,1,,0,1
2023/11/8,,0,1,14.8,8,1,0,8,1,9.4,8,2,1.5,8,1,22.3,8,2023/11/8 15:18,8,1,9.4,8,2023/11/8 5:54,8,1,71,8,1,,0,1
2023/11/9,,0,1,18.6,8,1,0,8,1,3.5,8,2,1.3,8,1,26.1,8,2023/11/9 13:37,8,1,13.6,8,2023/11/9 0:28,8,1,72,8,1,,0,1
2023/11/10,,0,1,16.9,8,1,7,8,1,0,8,2,1.8,8,1,18.5,8,2023/11/10 15:10,8,1,14,8,2023/11/11 0:00,8,1,95,8,1,,0,1
2023/11/11,,0,1,15.5,8,1,0,8,1,7.1,8,2,1.9,8,1,20.8,8,2023/11/11 13:56,8,1,11.8,8,2023/11/11 7:14,8,1,73,8,1,,0,1
2023/11/12,,0,1,12.2,8,1,0,8,1,3.7,8,2,1.9,8,1,14.2,8,2023/11/12 13:55,8,1,8.4,8,2023/11/12 22:20,8,1,69,8,1,,0,1
2023/11/13,,0,1,9.9,8,1,0,8,1,6.4,8,2,1.8,8,1,14,8,2023/11/13 13:40,8,1,5.7,8,2023/11/14 0:00,8,1,59,8,1,,0,1
2023/11/14,,0,1,10.1,8,1,0,8,1,8.8,8,2,1,8,1,17.2,8,2023/11/14 14:35,8,1,3.6,8,2023/11/14 6:03,8,1,76,8,1,,0,1
2023/11/15,,0,1,11.8,8,1,0,8,1,6.2,8,2,1.2,8,1,17.8,8,2023/11/15 14:14,8,1,8.4,8,2023/11/15 6:50,8,1,73,8,1,,0,1
2023/11/16,,0,1,11.1,8,1,14.5,8,1,0,8,2,1.1,8,1,15.3,8,2023/11/16 16:16,8,1,7.1,8,2023/11/16 5:44,8,1,84,8,1,,0,1
2023/11/17,,0,1,10.1,8,1,1.5,8,1,2.9,8,2,2,8,1,14.6,8,2023/11/17 13:52,8,1,8,8,2023/11/17 21:42,8,1,90,8,1,,0,1
2023/11/18,,0,1,8.3,8,1,2,8,1,3.9,8,2,2.6,8,1,12.1,8,2023/11/18 14:36,8,1,5.8,8,2023/11/18 8:46,8,1,74,8,1,,0,1
2023/11/19,,0,1,11.3,8,1,0,8,1,7.6,8,2,1.3,8,1,17.3,8,2023/11/19 14:20,8,1,5.5,8,2023/11/19 2:39,8,1,74,8,1,,0,1
2023/11/20,,0,1,12.5,8,1,0,8,1,9.6,8,2,1.6,8,1,18.9,8,2023/11/20 13:13,8,1,7.4,8,2023/11/20 7:24,8,1,71,8,1,,0,1
2023/11/21,,0,1,12.1,8,1,0,8,1,9.7,8,2,1.2,8,1,19.9,8,2023/11/21 14:25,8,1,6,8,2023/11/21 7:06,8,1,79,8,1,,0,1
2023/11/22,,0,1,14.2,8,1,0,8,1,9.1,8,2,1.1,8,1,21.9,8,2023/11/22 13:51,8,1,8.5,8,2023/11/22 6:41,8,1,81,8,1,,0,1
2023/11/23,,0,1,17.3,8,1,0,8,1,6.3,8,2,2.1,8,1,23.3,8,2023/11/23 14:00,8,1,12.2,8,2023/11/23 4:08,8,1,84,8,1,,0,1
2023/11/24,,0,1,11.5,8,1,0,8,1,4.5,8,2,2.3,8,1,16.4,8,2023/11/24 0:17,8,1,5,8,2023/11/24 23:20,8,1,57,8,1,,0,1
2023/11/25,,0,1,8.5,8,1,0,8,1,8.7,8,2,2.3,8,1,13.9,8,2023/11/25 14:44,8,1,4.4,8,2023/11/25 7:57,8,1,63,8,1,,0,1
2023/11/26,,0,1,10.5,8,1,0,8,1,9.3,8,2,1.2,8,1,17.1,8,2023/11/26 14:14,8,1,4.5,8,2023/11/26 6:55,8,1,69,8,1,,0,1
2023/11/27,,0,1,13.2,8,1,2.5,8,1,6.3,8,2,1.2,8,1,19.4,8,2023/11/27 13:39,8,1,7.9,8,2023/11/27 2:48,8,1,83,8,1,,0,1
2023/11/28,,0,1,11.9,8,1,0,8,1,4.9,8,2,2,8,1,16.5,8,2023/11/28 14:22,8,1,6.4,8,2023/11/28 23:38,8,1,73,8,1,,0,1
2023/11/29,,0,1,10.7,8,1,0,8,1,5,8,2,1,8,1,16,8,2023/11/29 14:29,8,1,5.5,8,2023/11/29 2:59,8,1,77,8,1,,0,1
2023/11/30,,0,1,9.8,8,1,0,8,1,0.6,8,2,2,8,1,12.4,8,2023/11/30 2:15,8,1,7.5,8,2023/11/30 23:54,8,1,64,8,1,,0,1
2023/12/1,,0,1,7.6,8,1,0,8,1,0.3,8,2,1.5,8,1,9.5,8,2023/12/1 14:39,8,1,6.1,8,2023/12/1 22:26,8,1,69,8,1,,0,1
2023/12/2,,0,1,7.4,8,1,0,8,1,9.2,8,2,1,8,1,12.5,8,2023/12/2 14:53,8,1,2.8,8,2023/12/2 7:32,8,1,71,8,1,,0,1
2023/12/3,,0,1,8.1,8,1,0,8,1,4.9,8,2,0.9,8,1,13.9,8,2023/12/3 14:57,8,1,4.5,8,2023/12/3 23:59,8,1,82,8,1,,0,1
2023/12/4,,0,1,6,4,1,0,4,1,8.3,8,2,1,4,1,14,4,2023/12/4 13:20,4,1,2.4,4,2023/12/4 6:50,4,1,86,4,1,,0,1
2023/12/5,,0,1,13.1,4,1,0,4,1,4.3,8,2,2.2,4,1,17,4,2023/12/5 13:45,4,1,8.1,4,2023/12/5 23:52,4,1,71,4,1,,0,1
2023/12/6,,0,1,10.9,8,1,0,8,1,1.9,8,2,1.5,8,1,16.3,8,2023/12/6 14:33,8,1,5.4,8,2023/12/6 7:38,8,1,85,8,1,,0,1
2023/12/7,,0,1,11,8,1,0,8,1,7.6,5,2,1.7,8,1,15.9,8,2023/12/7 14:15,8,1,4.7,8,2023/12/7 22:52,8,1,59,8,1,,0,1
2023/12/8,,0,1,9.4,8,1,0,8,1,9.3,8,2,1.5,8,1,17.2,8,2023/12/8 14:02,8,1,2.8,8,2023/12/8 7:19,8,1,71,8,1,,0,1
2023/12/9,,0,1,13.7,8,1,0,8,1,3.3,8,2,1.2,8,1,20,8,2023/12/9 15:04,8,1,8.9,8,2023/12/9 7:07,8,1,79,8,1,,0,1
2023/12/10,,0,1,14.9,8,1,0,8,1,9,8,2,1.3,8,1,21.8,8,2023/12/10 15:46,8,1,8.4,8,2023/12/10 7:16,8,1,75,8,1,,0,1
2023/12/11,,0,1,15.6,8,1,12.5,8,1,0,8,2,1.9,8,1,16.6,8,2023/12/11 23:19,8,1,14.4,8,2023/12/11 9:21,8,1,90,8,1,,0,1
2023/12/12,,0,1,15.6,8,1,0,8,1,0,8,2,2.9,8,1,17.4,8,2023/12/12 10:35,8,1,13.3,8,2023/12/13 0:00,8,1,92,8,1,,0,1
2023/12/13,,0,1,13.5,8,1,0,8,1,9.3,8,2,3.2,8,1,17.5,8,2023/12/13 14:51,8,1,10.3,8,2023/12/13 23:56,8,1,70,8,1,,0,1
2023/12/14,,0,1,12.9,8,1,3.5,8,1,0.6,8,2,1.3,8,1,15.6,8,2023/12/14 12:44,8,1,9.8,8,2023/12/14 1:17,8,1,88,8,1,,0,1
2023/12/15,,0,1,18.2,8,1,1,8,1,0.2,8,2,2.9,8,1,23,8,2023/12/15 13:23,8,1,14.2,8,2023/12/15 1:20,8,1,93,8,1,,0,1
2023/12/16,,0,1,10.2,8,1,2.5,8,1,0,8,2,2.6,8,1,16.2,8,2023/12/16 0:13,8,1,5.9,8,2023/12/16 23:42,8,1,86,8,1,,0,1
2023/12/17,,0,1,3.9,8,1,0,8,1,2.3,8,2,2.1,8,1,6.3,8,2023/12/17 0:27,8,1,1.1,8,2023/12/17 23:22,8,1,68,8,1,,0,1
2023/12/18,,0,1,4.1,8,1,0,8,1,0.1,8,2,1.3,8,1,7,8,2023/12/18 13:25,8,1,1.5,8,2023/12/18 0:23,8,1,73,8,1,,0,1
2023/12/19,,0,1,5.3,8,1,1,8,1,0,8,2,1.3,8,1,6.7,8,2023/12/19 15:16,8,1,3.5,8,2023/12/19 8:16,8,1,91,8,1,,0,1
2023/12/20,,0,1,6.2,8,1,0,8,1,0.1,8,2,1.7,8,1,9.9,8,2023/12/20 12:20,8,1,4.6,8,2023/12/20 7:45,8,1,79,8,1,,0,1
2023/12/21,,0,1,2.1,8,1,1,8,1,2.3,8,2,1.7,8,1,5.2,8,2023/12/21 0:01,8,1,-0.1,8,2023/12/21 22:43,8,1,82,8,1,,0,1
2023/12/22,,0,1,0.8,8,1,1.5,8,1,4.9,8,2,1.6,8,1,3.7,8,2023/12/22 13:19,8,1,-1.2,8,2023/12/22 7:55,8,1,82,8,1,,0,1
2023/12/23,,0,1,1.9,8,1,0,8,1,1.9,8,2,0.9,8,1,6.3,8,2023/12/23 15:19,8,1,-1.7,8,2023/12/23 3:32,8,1,79,8,1,,0,1
2023/12/24,,0,1,4.2,8,1,0,8,1,0.7,8,2,0.9,8,1,7.5,8,2023/12/24 16:19,8,1,0.7,8,2023/12/24 4:37,8,1,81,8,1,,0,1
2023/12/25,,0,1,5.1,8,1,0,8,1,1.1,8,2,1.1,8,1,8.6,8,2023/12/25 15:45,8,1,1.8,8,2023/12/25 8:02,8,1,81,8,1,,0,1
2023/12/26,,0,1,5.9,8,1,0,8,1,2.1,8,2,1,8,1,11.1,8,2023/12/26 13:48,8,1,2.7,8,2023/12/26 4:47,8,1,81,8,1,,0,1
2023/12/27,,0,1,7.8,8,1,0,8,1,8.9,8,2,0.8,8,1,14,8,2023/12/27 15:50,8,1,3,8,2023/12/27 7:29,8,1,80,8,1,,0,1
2023/12/28,,0,1,8,8,1,0,8,1,8.4,8,2,0.8,8,1,14.6,8,2023/12/28 15:19,8,1,2.1,8,2023/12/28 4:38,8,1,82,8,1,,0,1
2023/12/29,,0,1,8.5,8,1,0,8,1,9.2,8,2,0.8,8,1,14.6,8,2023/12/29 14:20,8,1,4.2,8,2023/12/30 0:00,8,1,81,8,1,,0,1
2023/12/30,,0,1,8.4,8,1,0,8,1,3,8,2,1.1,8,1,13.9,8,2023/12/30 14:18,8,1,2.5,8,2023/12/30 5:59,8,1,87,8,1,,0,1
2023/12/31,,0,1,10.7,8,1,10,8,1,4,8,2,2.4,8,1,13.5,8,2023/12/31 13:42,8,1,8.7,8,2024/1/1 0:00,8,1,81,8,1,,0,1
