location,year,observed_year_sum,simulated_year_sum,annual_pbias_percent,observed_peak_flow,simulated_peak_flow,peak_flow_error_percent,observed_peak_time,simulated_peak_time,peak_timing_error_days
upstream,0,2260485000.0,1708749701.291348,-24.407828351378225,218491000.0,91255269.35103156,-58.23385432304692,180,206,26
upstream,1,2817934000.0,2168478543.717104,-23.047220278505318,138351000.0,56465438.16523311,-59.18682325011521,559,560,1
upstream,2,3192670000.0,2672671426.285085,-16.28726344141157,125214000.0,78241785.08114815,-37.51354873963922,900,893,-7
upstream,3,3523069500.0,2876255951.16784,-18.359375221867182,135669000.0,160180228.00142545,18.066933493595034,1279,1291,12
upstream,4,2419625000.0,2082343662.4444983,-13.939405385359372,82351000.0,52414878.75154975,-36.351861238418785,1697,1632,-65
upstream,5,2240369000.0,1956928444.2630496,-12.65151212755356,77350000.0,61759006.05359536,-20.156423977252285,2013,2013,0
upstream,6,3088459000.0,2454502564.0522957,-20.526626254313374,107168000.0,51259968.07148881,-52.168587571393694,2372,2353,-19
upstream,7,4031383000.0,2896630759.347622,-28.14796412676191,137860000.0,92665624.74654911,-32.782805203431664,2730,2730,0
upstream,8,3043847000.0,2450671262.369953,-19.48769887678477,144273000.0,184462330.71740705,27.856446263269667,3107,3108,1
upstream,9,2934286000.0,2284115766.6210876,-22.15769810369243,222084000.0,148697575.89012435,-33.04444449391926,3474,3474,0
upstream,10,2416198000.0,2154390473.9412274,-10.835516214266073,140289000.0,91779530.8930952,-34.578241420856095,3891,3892,1
upstream,11,4168282000.0,3017816092.6380286,-27.600481621972108,352734000.0,184167624.70961308,-47.788524863037566,4205,4206,1
upstream,12,2861796000.0,2368641711.8267145,-17.232335504462426,188950000.0,157374301.38998368,-16.71113977772761,4607,4609,2
upstream,13,2086468000.0,2120631987.8906593,1.6374077096154522,138308000.0,104553252.8748282,-24.405491457595943,4947,4948,1
upstream,14,3021493000.0,2581878027.4165573,-14.549594276188715,219299000.0,145793743.89557356,-33.51828148073017,5303,5304,1
downstream,0,3457274000.0,3272036490.8746257,-5.357906521883261,302435000.0,152141818.81259057,-49.69437439033493,180,206,26
downstream,1,4357515000.0,3958948913.7150216,-9.146637160973134,275678000.0,135768526.78895465,-50.75104767556547,559,560,1
downstream,2,4832320000.0,4693498541.177319,-2.8727704047472318,164036000.0,127492651.7066047,-22.27763923370193,900,893,-7
downstream,3,5540906000.0,4933073530.197448,-10.969911234779152,462947000.0,241168680.8444446,-47.90576872850572,1290,1291,1
downstream,4,3976242000.0,3910406807.419303,-1.6557139273891543,142211000.0,95577115.294154,-32.7920376805212,1697,1698,1
downstream,5,3388548000.0,3551962020.167611,4.822538154029724,116043000.0,113381854.12671272,-2.2932411892895526,2013,2010,-3
downstream,6,4206331000.0,4309378030.117,2.4498079232708894,122115000.0,87166623.91913651,-28.619232756715792,2372,2465,93
downstream,7,4902046000.0,5195615933.625397,5.988722538005493,154387000.0,174760450.3618168,13.196350963369191,2828,2730,-98
downstream,8,3876025000.0,4346081797.545256,12.127290137325112,233694000.0,366632367.5688319,56.88565712805289,3108,3108,0
downstream,9,4054085000.0,3918201650.7327547,-3.3517636967958317,388747000.0,269981376.9195112,-30.550878355457098,3474,3474,0
downstream,10,3679268000.0,3874641966.1074476,5.310131420365345,320996000.0,174933598.53429472,-45.50287276654702,3891,3892,1
downstream,11,6426396000.0,5562278286.085291,-13.446381360792413,522470000.0,285497446.9846993,-45.35620284711097,4205,4206,1
downstream,12,4757802000.0,4330501943.31403,-8.981039074050797,415724000.0,255842720.7394238,-38.45851556815969,4608,4609,1
downstream,13,3317441000.0,3623635127.3688335,9.229828876198056,201067000.0,145178166.76496747,-27.79612429440561,4947,4948,1
downstream,14,5005325000.0,4587543209.729639,-8.346746520363032,449166000.0,269320486.62331,-40.039876877744526,5303,5304,1
